titulo,enlace,fecha
PS-00571-2022,https://www.aepd.es//documento/ps-00571-2022.pdf,2023-10-24T14:02:00Z
PS-00010-2022,https://www.aepd.es//documento/ps-00010-2022.pdf,2023-10-24T12:11:19Z
PS-00581-2022,https://www.aepd.es//documento/ps-00581-2022.pdf,2023-10-23T16:01:29Z
AI-00080-2023,https://www.aepd.es//documento/ai-00080-2023.pdf,2023-10-23T15:59:59Z
AI-00155-2023,https://www.aepd.es//documento/ai-00155-2023.pdf,2023-10-23T12:48:24Z
AI-00264-2023,https://www.aepd.es//documento/ai-00264-2023.pdf,2023-10-23T12:45:00Z
PS-00677-2022,https://www.aepd.es//documento/ps-00677-2022.pdf,2023-10-20T11:01:56Z
AI-00446-2022,https://www.aepd.es//documento/ai-00446-2022.pdf,2023-10-19T12:51:43Z
AI-00001-2023,https://www.aepd.es//documento/ai-00001-2023.pdf,2023-10-19T12:32:03Z
PD-00134-2023,https://www.aepd.es//documento/pd-00134-2023.pdf,2023-10-19T12:21:50Z
